ID,TopConfigs
layout:nlp:random:016ac66a44a906a695afd2228509046a,222;846;892;849;273;454;56;540;624;90;644;924;533;47;446;318;12;900;137;797;98;975;238;292;431;784;294;513;759;965;445;15;76;544;397;130;372;393;168;572;106;339;57;865;449;781;916;26;509;383;841;421;813;739;659;158;302;348;256;231;416;378;520;71;143;807;395;604;630;848;447;508;460;714;566;321;693;185;672;43;377;197;823;54;934;151;120;995;829;632;87;551;896;869;588;392;748;694;192;360;615;859;700;609;590;854;470;181;304;381;944;182;627;261;317;978;480;338;293;548;496;46;88;713;504;78;752;635;475;332;610;68;243;203;741;218;326;529;592;32;31;874;602;389;785;202;194;581;369;118;536;501;622;84;904;808;280;382;772;749;980;852;346;179;986;612;188;991;890;499;59;619;580;707;747;89;245;426;44;115;555;73;921;105;617;468;961;893;247;922;259;401;794;626;526;117;570;104;199;663;882;545;23;515;356;950;721;311;267;195;534;55;584;409;937;643;623;135;126;466;138;945;36;810;2;128;957;406;265;976;542;279;351;380;676;266;774;226;486;235;299;819;638;248;862;239;531;683;276;127;456;455;887;418;523;553;873;365;204;686;316;903;116;647;831;789;337;297;371;155;992;190;769;17;67;7;93;750;993;864;830;695;968;954;246;386;275;742;664;161;728;437;178;10;868;872;29;424;790;952;973;6;485;585;972;696;148;354;21;121;467;212;232;11;654;357;857;888;729;413;558;514;715;843;74;593;281;920;851;897;998;599;200;724;891;579;336;967;516;448;706;177;370;793;662;582;373;65;112;92;42;984;942;657;578;835;637;290;80;809;166;866;546;605;871;909;107;667;594;189;41;737;99;883;702;288;399;314;519;642;863;295;948;723;639;528;606;77;0;674;329;607;738;620;307;152;141;905;285;631;95;473;856;175;575;932;699;260;845;173;410;824;746;27;994;614;476;682;156;111;858;216;860;367;139;677;687;463;241;777;96;330;690;719;233;385;825;376;61;223;681;142;556;745;132;565;394;140;811;613;301;929;782;28;201;35;5;462;83;999;712;430;264;928;641;512;53;69;278;911;559;319;853;479;828;492;305;876;388;459;753;878;439;960;552;563;136;86;768;568;571;919;987;880;684;770;269;51;236;805;366;493;8;776;411;436;206;163;489;636;347;228;621;779;432;303;510;525;651;38;910;133;547;732;224;328;428;81;560;497;113;678;912;795;629;573;939;554;114;193;164;541;146;806;697;379;217;844;390;576;703;145;412;434;879;147;187;49;691;414;983;94;801;889;313;899;478;404;816;174;969;282;62;787;815;704;82;597;974;487;361;730;744;648;583;457;530;324;803;539;30;183;19;688;225;227;157;964;826;587;608;600;601;689;625;958;915;491;374;400;162;270;433;363;988;306;653;308;258;839;557;997;771;767;717;549;149;800;340;198;923;791;101;353;705;502;495;211;50;45;435;796;833;355;452;718;679;567;170;511;165;108;786;618;586;821;908;947;75;680;48;847;940;423;461;451;834;252;403;64;315;507;129;665;537;131;484;955;134;532;820;109;725;726;743;250;271;176;733;517;668;159;18;384;469;312;481;20;535;941;802;818;522;838;907;727;352;885;970;971;658;670;611;538;902;685;521;917;125;442;219;884;3;979;453;100;603;949;561;926;716;9;391;171;840;443;289;675;331;886;757;214;22;673;186;58;867;616;368;996;962;506;598;943;780;837;574;877;333;458;150;237;343;205;760;66;656;701;914;97;70;734;441;472;483;123;60;407;91;901;628;855;577;792;342;951;758;322;37;775;763;450;272;740;913;477;444;440;518;783;773;309;52;985;240;708;569;262;989;764;153;230;283;251;646;249;119;345;464;25;408;341;762;344;296;649;167;465;405;420;982;375;898;438;710;16;494;503;720;210;804;778;661;736;799;596;931;698;817;160;364;255;242;550;832;1;814;335;959;180;40;349;286;977;215;85;34;220;310;287;842;419;300;234;103;268;966;755;208;722;861;981;482;850;422;396;471;927;963;417;350;253;244;735;498;754;765;906;798;474;122;144;925;788;870;110;935;33;263;543;766;221;918;640;14;325;362;254;827;39;169;669;655;274;4;671;291;172;751;191;756;257;822;398;589;229;936;213;415;875;284;564;505;660;938;63;102;488;124;79;358;895;427;881;527;633;930;334;13;711;652;562;429;761;184;956;207;298;500;320;946;990;327;277;634;812;595;154;591;645;894;425;196;524;692;731;709;933;323;387;836;72;24;490;402;953;359;650;666;209
layout:nlp:random:171b0513d8874a427ccfa46d136fbadc,902;140;260;75;199;565;693;629;434;710;940;436;861;768;351;502;44;311;786;669;621;286;173;364;470;391;322;507;799;783;355;444;479;711;16;906;571;290;307;677;552;179;773;17;287;614;57;2;697;920;358;482;598;509;247;123;40;854;332;29;880;873;415;594;688;51;695;68;583;793;770;186;385;585;249;626;65;41;923;134;868;504;798;982;128;937;814;610;48;745;951;204;15;71;476;402;665;558;384;608;495;755;301;824;367;856;712;122;273;607;664;679;555;955;900;401;932;94;272;976;154;113;844;741;50;767;769;369;211;581;889;259;530;960;801;458;898;325;194;579;451;978;622;497;559;878;112;306;162;212;10;700;671;159;771;318;523;205;883;419;105;189;832;158;330;282;421;807;800;702;133;499;239;440;612;276;997;350;67;682;754;568;518;346;457;893;483;214;269;529;475;747;20;663;454;739;478;520;784;43;150;200;201;11;442;79;300;236;155;638;613;242;919;996;658;993;699;484;343;567;806;974;971;359;222;310;296;849;512;226;913;118;459;667;309;918;374;132;651;586;412;95;618;69;228;82;753;511;627;794;302;640;370;156;500;886;858;965;281;70;648;387;864;54;418;141;265;347;227;66;298;235;473;641;145;102;999;267;838;340;223;860;942;818;414;950;624;163;62;718;447;582;266;151;46;207;935;537;366;452;707;399;357;293;510;486;83;31;630;830;431;591;429;840;888;962;796;519;927;104;487;169;8;77;853;826;692;791;862;177;320;76;427;576;110;837;842;241;291;361;758;198;865;904;705;808;22;632;469;726;93;472;3;843;219;921;760;666;404;930;979;264;466;178;304;190;941;73;686;949;642;912;441;683;617;34;12;379;490;498;929;465;772;203;461;972;513;553;166;143;848;611;192;373;85;216;36;363;635;789;383;428;958;680;21;851;985;922;372;620;802;294;776;625;897;891;550;258;252;488;859;751;916;234;59;597;869;477;323;386;580;936;206;328;574;433;348;115;781;655;728;653;250;939;915;685;464;339;674;531;422;377;596;494;388;644;248;196;882;954;394;365;295;733;689;841;759;462;398;716;584;867;636;5;129;356;684;709;91;532;722;181;703;914;87;443;961;380;400;463;721;774;1;417;324;542;164;395;735;536;460;413;382;271;762;822;928;763;321;623;13;49;604;839;877;812;55;100;905;650;148;587;967;788;986;136;777;127;81;787;881;977;109;885;633;215;525;275;896;743;879;615;652;4;804;989;185;526;331;86;439;809;180;731;72;220;661;645;506;968;727;257;681;857;945;564;724;389;678;170;327;245;182;124;120;831;981;855;233;314;546;963;714;572;446;934;872;698;551;631;600;592;548;675;516;224;634;810;926;943;907;988;448;566;588;601;549;987;426;660;19;147;995;188;933;829;229;246;570;342;696;562;980;64;717;208;237;966;438;47;779;334;149;352;116;561;605;603;750;405;970;213;790;160;821;277;917;254;975;425;991;556;430;656;171;501;673;659;283;168;792;738;176;628;121;535;833;514;453;326;480;255;53;690;285;729;485;541;785;748;97;956;305;108;992;360;797;146;894;850;243;524;232;874;312;6;713;761;240;723;308;521;746;329;953;218;84;195;554;278;33;221;998;126;764;720;823;410;863;670;32;887;244;909;474;637;130;24;543;137;931;138;691;492;836;409;270;98;704;390;925;106;261;238;775;303;515;449;828;708;153;378;544;341;744;455;0;852;89;319;119;172;42;35;183;903;522;30;114;353;730;371;577;749;575;884;349;573;952;423;819;639;646;820;279;167;654;539;964;416;994;946;420;209;25;508;225;142;217;131;560;811;505;657;846;527;547;538;403;782;253;292;619;493;468;268;193;315;736;263;606;230;23;643;676;45;780;175;407;80;345;262;845;649;528;397;450;647;595;609;687;489;892;467;817;435;740;333;870;174;924;284;938;344;706;411;161;959;289;316;27;834;101;63;375;39;60;424;144;496;827;803;456;38;540;866;715;197;58;672;90;899;908;569;184;337;795;368;14;984;578;99;983;871;317;251;381;732;816;481;103;957;7;299;432;815;256;757;202;437;56;125;662;602;61;742;563;297;471;701;616;778;847;191;973;875;593;396;336;944;534;117;210;445;895;354;911;74;187;152;901;288;362;135;376;668;590;825;338;545;948;78;766;165;28;756;37;725;694;947;910;88;969;96;589;408;231;313;111;491;752;517;107;406;392;274;393;805;280;533;92;765;835;734;719;813;990;876;335;26;18;9;52;557;890;503;157;599;139;737
layout:nlp:random:23559853d9702baaaacbb0c83fd32266,703;924;126;214;51;377;215;204;350;906;827;616;338;454;182;297;842;619;436;601;789;81;992;624;682;587;243;344;735;838;48;738;465;115;289;72;996;733;150;846;313;495;18;697;910;145;648;714;545;405;664;53;883;750;360;662;592;207;98;872;861;56;993;392;139;637;564;572;245;226;497;626;16;476;328;110;100;31;999;659;551;560;766;760;153;434;623;334;181;966;652;811;60;83;152;820;41;122;0;329;484;384;123;247;91;28;981;15;491;96;833;410;580;199;168;824;502;724;40;447;912;302;792;841;224;175;722;710;6;505;290;282;359;121;813;904;22;178;856;964;142;266;92;440;315;720;73;503;921;909;718;99;700;39;144;322;239;620;917;375;982;127;141;716;103;311;496;432;155;605;105;940;858;483;646;339;417;943;853;574;67;706;77;514;734;709;304;687;191;388;636;549;876;887;546;271;333;663;371;625;367;567;390;758;361;922;680;330;27;134;368;649;259;816;730;517;817;261;76;466;749;506;325;148;183;455;983;211;634;978;422;404;860;879;815;941;131;469;194;10;494;907;516;537;547;221;205;569;989;265;507;795;184;277;802;701;558;553;880;873;645;712;742;755;704;382;757;5;423;655;29;951;950;759;118;529;448;1;428;57;633;974;369;991;695;429;584;681;340;850;790;765;128;441;173;403;818;116;414;559;425;119;934;877;300;25;270;711;803;400;801;186;911;609;171;837;808;97;810;93;23;457;615;930;232;548;796;859;185;136;726;198;95;37;216;193;805;995;809;903;355;49;462;947;854;59;843;677;258;387;679;678;63;794;769;886;692;490;583;746;269;777;288;512;286;406;480;79;776;458;968;923;788;208;250;975;913;228;862;46;407;381;836;786;770;970;539;89;160;220;743;499;763;395;365;798;874;263;745;916;260;241;102;374;44;819;543;257;894;640;799;426;612;586;806;380;866;396;834;366;165;85;370;971;82;55;927;747;479;319;973;705;108;147;885;189;399;593;685;926;631;772;603;563;227;839;508;90;568;317;629;807;707;307;751;797;562;915;665;137;768;42;268;68;372;345;825;929;675;312;869;21;379;473;694;782;450;298;754;728;945;225;732;402;86;478;821;566;187;477;253;415;295;607;536;357;124;101;535;393;753;621;715;206;424;578;800;138;230;984;739;217;362;969;674;323;104;892;510;840;294;908;196;314;273;71;589;7;474;238;570;192;577;852;209;779;163;262;489;599;520;882;581;771;956;481;174;638;283;740;364;316;176;113;509;717;939;504;604;416;946;942;94;725;980;784;213;931;653;671;598;26;660;561;555;9;628;835;979;573;246;585;58;342;639;528;961;285;865;129;538;451;582;936;231;305;135;622;654;962;421;933;977;736;65;935;699;75;657;647;284;501;608;482;276;179;630;959;169;828;17;180;498;855;133;190;643;348;33;3;783;533;487;222;868;526;156;471;352;748;197;234;229;532;658;830;693;66;666;988;884;778;354;614;107;492;378;162;987;112;249;254;696;761;676;986;143;773;347;386;729;896;990;233;845;291;702;485;244;669;752;264;565;899;895;493;36;949;954;320;332;928;871;303;575;461;527;279;449;326;870;470;767;464;804;627;201;787;446;106;87;356;164;418;595;590;610;764;600;287;672;857;61;52;331;851;531;812;998;785;774;255;597;397;656;202;419;69;412;741;88;401;829;170;737;893;35;691;452;453;890;552;919;967;236;944;442;210;650;159;920;781;256;635;318;727;948;463;791;965;723;275;690;409;74;557;38;30;439;550;203;683;540;358;611;925;4;278;337;188;235;881;744;438;521;251;937;985;875;976;486;889;445;218;408;513;867;475;12;310;618;166;849;814;831;62;511;644;994;519;918;111;341;534;24;617;154;281;460;719;901;518;335;822;20;997;385;242;488;972;167;394;443;878;863;200;902;309;579;960;576;667;157;114;383;80;274;130;525;84;588;642;132;292;272;651;467;431;756;324;673;349;296;780;219;472;530;606;905;376;848;891;444;864;963;391;212;172;427;668;826;293;373;398;523;280;684;708;240;306;2;336;661;301;459;613;952;32;602;125;146;721;252;161;54;731;45;353;47;832;343;938;632;522;120;688;151;420;11;898;308;544;900;351;591;500;195;594;248;932;43;713;158;363;571;554;8;957;321;430;670;14;327;299;433;698;953;468;435;914;346;524;847;13;515;775;78;844;762;140;411;149;556;50;437;955;19;413;117;596;223;389;897;689;541;70;686;641;888;267;64;793;823;958;34;237;542;109;456;177
layout:nlp:random:29886a50d55cfe77a9497bc906c76ce9,4;488;597;689;554;205;31;392;531;404;617;543;948;95;100;389;820;991;728;212;130;235;219;378;785;511;566;84;113;137;920;936;659;737;704;965;917;312;736;626;794;857;643;540;750;553;451;962;87;163;320;849;156;910;107;586;959;594;391;638;585;344;89;39;666;797;209;765;726;309;362;70;675;832;105;464;61;409;460;170;482;147;180;486;337;995;752;796;631;779;510;934;577;746;978;266;289;742;556;278;568;184;88;933;479;521;859;999;771;534;241;676;494;445;923;110;679;187;104;478;271;868;255;767;348;927;118;175;357;421;230;839;665;79;864;325;688;102;434;698;375;192;781;122;718;778;13;567;159;361;342;888;489;474;575;183;823;590;410;124;549;356;6;519;520;459;647;707;42;75;223;559;496;532;56;116;627;481;420;654;763;740;315;297;700;85;69;522;884;669;126;367;222;178;238;692;987;261;762;343;826;23;256;341;284;517;653;484;874;998;233;476;724;202;649;996;139;296;527;741;749;970;167;648;246;701;960;715;225;229;745;249;133;240;900;989;635;41;382;57;30;58;220;129;587;154;660;293;560;945;12;441;450;265;268;572;652;300;419;331;801;667;112;388;168;840;609;291;290;138;815;152;641;986;396;198;571;795;176;513;431;426;340;313;943;952;322;97;364;14;708;743;944;947;877;601;871;591;925;188;783;760;324;558;157;406;507;530;78;831;371;906;903;984;993;542;345;600;821;546;955;111;547;417;206;497;316;576;866;125;818;35;926;99;951;232;279;59;548;817;228;735;739;822;931;603;685;210;495;834;545;686;301;169;430;751;50;259;76;682;573;444;681;875;757;448;690;921;541;515;327;876;772;142;158;98;697;899;904;713;658;267;957;887;469;612;359;967;988;885;714;161;856;248;699;975;386;174;516;215;766;281;512;119;254;374;71;251;414;103;5;804;195;914;851;593;710;523;440;123;525;509;418;812;131;472;349;505;491;8;288;405;47;852;72;200;442;828;355;956;463;236;335;777;66;929;674;260;151;615;775;755;913;354;841;709;390;634;27;28;3;2;121;608;373;250;863;197;872;227;980;492;788;140;298;664;619;90;725;578;916;902;429;997;166;661;115;369;964;992;754;92;415;398;321;422;727;901;747;36;394;813;500;22;330;592;596;529;526;443;433;909;809;637;144;160;814;48;968;383;499;905;552;54;845;465;829;162;428;452;277;853;825;80;880;646;196;211;932;613;181;136;722;581;171;918;670;973;891;897;961;108;380;64;143;60;217;477;623;971;360;186;276;132;555;895;873;824;896;533;753;810;283;651;351;199;402;49;462;684;403;74;886;898;786;336;508;307;470;363;38;503;890;695;768;645;52;45;7;280;332;25;117;310;537;595;15;865;432;976;334;339;263;379;306;620;424;994;588;780;784;734;128;407;791;77;275;253;244;299;848;242;370;655;208;911;711;642;816;657;882;719;447;221;449;467;836;423;368;239;985;972;894;705;252;953;326;787;633;583;672;691;257;564;487;793;286;551;274;96;471;385;82;106;677;602;387;716;191;693;524;867;538;408;844;536;21;303;939;881;164;982;243;473;365;269;207;561;346;438;273;18;879;702;878;437;930;353;436;720;843;44;712;483;729;908;149;189;94;870;401;838;632;399;63;502;26;761;644;453;292;127;535;413;622;65;842;582;358;498;190;226;893;32;748;598;562;504;776;604;990;981;372;435;439;963;539;949;969;33;347;352;135;237;800;172;937;62;204;625;935;302;569;528;490;624;789;67;234;0;285;860;416;485;214;114;946;68;10;506;942;833;153;744;847;73;770;43;412;55;314;295;185;678;636;799;213;616;954;245;468;83;862;974;938;182;427;218;599;194;400;706;628;177;730;605;574;264;808;493;109;629;34;806;650;983;91;733;861;93;317;769;764;811;687;231;912;798;501;134;696;723;40;694;377;756;802;668;384;224;544;461;819;81;621;270;580;731;304;173;456;287;563;759;940;958;928;86;915;869;329;262;338;311;101;639;480;381;17;179;565;662;458;46;850;376;782;19;854;579;683;656;455;318;803;950;308;366;830;773;977;397;680;671;466;53;607;966;203;514;835;446;193;201;11;20;846;618;350;1;892;323;837;146;165;758;611;258;425;584;475;924;120;216;454;774;411;792;614;630;919;16;51;883;732;29;294;589;858;889;155;721;282;141;790;305;979;272;807;738;570;550;703;150;855;557;610;24;393;9;319;640;457;805;606;717;907;37;922;827;328;148;673;145;518;941;333;395;663;247
layout:nlp:random:32531d07a084b319dce484f53a4cf3fc,853;325;26;907;691;724;939;983;506;786;466;22;977;305;18;952;176;752;464;462;748;74;699;113;364;189;309;730;818;202;402;686;536;949;515;197;433;379;79;177;372;552;273;905;338;449;160;175;914;891;633;362;78;349;630;56;253;17;173;652;51;696;121;168;529;816;48;234;814;235;807;522;770;169;60;838;64;159;586;751;861;543;595;546;271;259;567;844;460;915;15;257;266;226;709;162;804;966;374;223;432;999;773;1;922;517;275;446;39;648;607;863;55;963;778;664;718;582;408;959;749;819;688;649;672;666;119;767;740;980;568;117;877;268;581;822;158;427;403;541;40;394;299;714;431;215;654;407;448;873;898;147;906;916;632;883;193;5;115;301;991;574;200;236;312;656;679;507;76;65;534;753;310;635;491;746;927;823;636;398;943;459;854;212;108;755;798;221;897;553;291;504;410;184;439;302;735;280;447;424;154;461;732;444;643;125;647;879;196;419;859;314;282;974;505;92;866;840;267;623;920;179;351;35;436;692;67;628;20;441;787;660;849;738;152;369;606;737;486;265;514;847;156;216;619;396;720;908;4;343;54;725;803;277;851;148;281;758;406;373;207;315;540;576;726;210;539;580;421;391;904;501;917;415;219;87;306;875;126;745;34;685;510;480;102;286;428;678;573;412;399;180;288;256;476;390;591;864;85;533;620;525;204;936;523;393;996;138;668;772;653;554;739;984;676;948;707;683;474;230;2;494;84;848;697;961;116;903;865;955;470;166;674;918;994;583;382;869;520;958;827;95;24;487;677;782;535;563;110;355;938;143;468;764;700;19;145;565;857;555;797;631;317;14;75;756;240;199;813;811;167;263;617;457;979;12;38;965;544;624;344;161;530;300;826;570;471;549;646;42;577;171;211;220;59;334;842;131;992;645;638;469;930;881;503;367;224;934;377;25;384;587;658;512;445;978;602;760;7;339;71;284;513;477;557;452;502;824;400;276;893;136;187;141;596;488;272;89;957;194;850;155;375;956;245;538;771;120;953;361;348;376;296;937;736;990;500;49;417;659;392;418;701;337;599;597;11;556;139;246;86;569;105;440;947;817;521;605;856;964;341;785;483;331;722;743;290;809;733;639;251;584;790;237;434;575;423;670;989;642;146;588;321;815;127;592;371;151;287;895;458;779;186;109;800;304;83;542;975;467;247;988;397;944;493;684;603;404;634;793;704;438;454;578;249;94;713;579;181;93;731;416;489;680;409;426;621;387;585;118;705;227;805;985;260;671;845;872;780;729;901;206;892;890;762;792;899;90;3;878;925;303;932;598;834;766;912;178;572;703;973;698;21;353;133;627;900;551;727;270;442;788;450;298;188;358;242;100;518;547;913;346;261;6;495;389;104;239;254;318;833;706;614;962;615;675;81;482;294;150;812;862;229;27;157;559;802;935;165;132;313;50;799;36;209;328;72;111;723;140;472;73;422;365;681;604;650;28;324;832;694;283;320;307;759;611;571;107;228;475;32;255;527;232;80;47;750;516;702;808;889;250;997;97;241;214;258;63;9;946;665;839;661;451;969;741;225;593;821;164;492;88;46;330;971;99;395;612;609;134;942;744;887;329;352;135;13;170;982;841;386;360;796;429;928;33;182;655;531;326;968;69;106;264;558;333;437;456;289;888;319;967;340;629;663;970;96;359;998;77;868;327;23;292;269;112;783;747;754;496;644;852;368;218;322;657;837;867;855;345;217;716;509;463;931;198;231;29;960;566;43;142;163;728;757;465;894;769;801;243;545;810;884;777;910;195;689;385;995;248;618;860;378;874;388;791;662;640;479;548;497;871;926;669;262;443;58;613;712;843;411;911;795;560;484;776;626;183;830;923;297;149;455;172;130;233;667;238;285;478;129;708;316;828;356;761;616;98;993;794;870;924;473;425;435;44;128;885;185;405;775;153;91;103;174;342;589;16;203;637;332;972;711;350;192;951;205;601;846;820;190;383;594;625;721;366;508;191;453;945;981;532;354;485;836;66;293;608;137;734;902;695;831;57;622;600;765;693;370;357;687;987;682;590;279;335;806;381;10;550;528;380;929;124;53;880;941;41;401;414;835;8;673;950;511;0;82;123;70;561;144;526;829;201;498;774;858;562;641;933;62;420;122;222;784;715;68;30;45;886;278;610;986;308;882;940;789;742;537;101;763;323;896;363;499;52;921;719;311;252;768;519;213;31;295;564;524;976;919;710;336;244;651;690;274;347;909;208;825;37;954;490;413;114;717;61;876;781;430;481
layout:nlp:random:38524e2ff135ded55b5286407e7af6b7,482;162;604;330;926;922;874;537;809;669;693;411;934;979;268;768;610;854;948;18;717;442;334;288;777;595;655;975;978;45;97;32;930;101;822;0;281;764;700;21;473;286;384;262;840;572;815;224;325;783;247;100;319;260;870;197;880;820;962;4;250;488;901;387;848;489;68;312;463;371;793;328;983;972;52;556;642;810;932;558;828;856;834;862;179;636;678;724;119;402;951;218;579;590;337;477;270;849;205;585;584;407;139;406;160;992;832;13;933;994;615;275;230;377;172;378;725;651;216;883;104;712;918;240;245;907;190;750;565;375;166;731;17;589;246;909;203;124;213;640;858;127;557;147;317;280;118;226;553;338;824;736;499;620;333;566;622;453;894;129;73;59;780;623;682;271;708;277;428;66;875;109;475;265;35;227;369;169;374;949;314;959;890;143;207;819;472;362;923;300;791;667;916;302;668;530;132;331;480;157;400;238;526;532;986;648;85;144;738;629;587;14;263;688;706;339;57;533;8;955;146;10;740;93;561;220;261;346;943;910;811;664;996;78;936;170;853;60;887;677;282;437;873;56;839;159;449;443;310;940;393;248;15;174;884;754;292;803;950;106;173;554;158;927;370;757;570;180;239;153;259;633;861;31;899;48;953;221;266;808;254;774;699;380;660;802;705;665;397;228;753;919;9;524;627;577;461;76;323;508;444;381;255;592;136;763;752;727;956;183;898;16;79;168;868;51;427;720;776;601;586;788;666;676;525;274;551;985;42;921;817;650;617;242;747;465;990;355;541;417;82;368;72;614;760;122;711;326;313;462;398;433;121;149;643;710;229;656;573;77;631;925;600;176;869;452;841;726;906;383;301;928;966;434;653;441;27;698;50;361;657;308;345;316;952;458;821;359;481;765;156;447;743;993;29;597;900;732;114;177;920;555;360;320;911;163;188;409;89;703;825;503;652;865;770;419;818;635;961;450;733;126;713;84;165;630;784;435;61;273;608;291;847;749;349;22;964;877;607;466;695;580;365;871;28;202;283;206;171;917;728;340;421;410;200;591;569;151;929;25;287;991;860;164;276;204;445;373;332;606;686;730;568;37;718;638;988;175;835;756;495;350;189;145;304;390;522;234;762;681;755;881;647;423;41;878;23;98;75;702;521;794;392;775;107;99;233;673;217;715;154;44;161;500;395;937;583;231;800;46;960;469;425;626;739;315;186;659;644;496;436;187;305;416;905;536;745;973;125;382;571;426;813;679;181;751;946;896;981;415;39;772;866;152;40;823;467;81;593;897;888;351;957;264;252;661;801;735;697;535;529;388;560;852;403;141;767;758;658;65;184;303;483;805;845;613;279;501;55;603;493;199;299;761;244;692;588;594;115;498;318;687;842;807;123;562;91;987;237;96;547;831;284;327;612;787;215;367;945;297;998;611;939;219;193;497;548;87;476;511;198;833;470;191;795;414;209;719;977;306;484;446;816;879;734;913;538;5;908;357;494;744;520;485;999;789;290;399;430;364;354;742;830;429;456;105;293;408;575;997;422;550;459;74;47;649;454;671;514;605;618;843;343;544;812;468;7;258;741;778;356;329;19;212;806;876;672;103;474;581;405;195;353;519;528;582;628;684;645;914;298;12;30;954;396;779;208;404;574;599;439;335;178;942;625;559;376;401;995;6;80;790;523;674;155;902;836;654;307;941;534;759;131;721;512;670;814;34;576;379;737;857;851;309;117;251;185;64;944;690;486;194;893;225;424;336;798;267;389;289;864;150;540;108;137;142;342;457;846;133;92;83;69;891;120;253;543;321;3;135;696;249;694;546;431;269;113;549;20;385;201;989;63;506;542;11;460;609;285;432;272;912;509;243;513;598;872;1;26;38;102;296;971;36;539;619;2;844;769;148;451;196;322;502;192;915;792;799;70;256;210;746;984;882;54;716;903;663;748;616;827;94;67;507;236;344;372;295;222;455;386;722;837;58;863;567;516;128;895;982;471;86;24;492;552;641;924;71;167;771;904;505;232;531;418;786;515;324;662;602;723;111;963;969;33;341;796;211;43;689;624;518;62;53;850;352;517;886;504;781;785;510;140;294;394;578;637;938;867;965;420;675;596;490;826;685;138;440;413;766;958;182;491;311;448;885;235;563;112;632;797;968;487;257;704;701;214;95;838;134;621;967;438;464;363;707;49;980;110;366;564;773;947;976;241;130;646;974;892;90;639;970;278;829;889;412;347;116;634;935;714;709;859;478;683;348;804;855;88;358;545;931;479;223;729;680;782;691;527;391
layout:nlp:random:3a0c5517a87df8d82fd637b83298a3ba,19;49;242;405;615;654;859;401;314;559;574;765;985;797;221;75;729;332;760;179;867;897;819;700;640;606;811;780;34;991;543;139;790;37;14;851;634;783;954;258;814;384;40;648;192;884;132;359;555;471;638;677;833;425;935;599;420;29;24;64;828;747;621;326;295;113;588;458;920;253;882;497;802;474;699;181;17;872;328;294;276;748;844;821;363;417;285;480;593;567;956;550;457;398;937;348;12;822;570;603;943;963;178;796;942;655;101;524;806;496;607;226;79;826;986;705;528;716;684;165;282;592;361;406;193;394;713;174;137;89;921;526;908;180;199;365;447;380;900;926;525;436;423;161;786;756;583;338;880;839;42;114;801;371;20;911;123;846;767;519;197;9;739;364;674;169;236;48;162;418;473;931;453;494;871;566;303;21;273;652;68;813;499;189;352;502;988;51;322;389;13;650;749;156;347;870;999;719;753;724;548;135;53;44;971;427;810;981;311;46;430;912;613;660;154;579;444;184;843;734;696;904;860;74;233;510;67;595;681;612;563;379;853;610;305;465;523;291;333;464;284;545;287;702;431;302;888;6;873;355;339;238;812;961;408;774;916;594;508;428;539;535;744;602;722;449;691;229;28;544;731;239;785;495;207;337;673;982;407;565;909;342;604;997;772;32;152;706;296;176;155;455;487;413;261;649;901;438;309;272;955;781;220;103;38;866;558;146;704;949;86;680;927;953;460;645;98;415;414;551;107;962;947;310;129;109;203;78;185;527;383;616;435;960;249;885;658;946;205;923;623;290;57;269;641;940;376;69;798;241;865;85;679;166;576;857;312;92;362;128;995;661;351;76;972;789;421;509;218;211;881;190;461;62;553;506;589;215;387;235;52;134;247;979;787;424;582;807;106;96;213;898;560;385;313;5;91;664;373;834;95;97;88;601;191;758;723;260;745;630;838;71;167;485;30;45;762;697;56;511;26;120;692;142;914;138;349;117;217;910;515;172;65;77;855;671;451;204;340;557;773;964;598;279;633;685;397;275;350;346;653;264;849;307;878;324;22;147;151;521;58;732;922;388;899;237;977;690;7;541;938;490;15;516;254;795;170;978;993;125;647;804;924;628;522;223;530;219;791;883;63;127;534;817;459;462;622;575;540;763;662;906;847;925;36;329;288;228;353;212;110;617;536;450;501;404;952;611;968;224;877;990;175;200;483;936;533;416;433;489;808;102;232;375;944;374;902;126;974;331;222;446;983;854;694;721;266;468;687;619;596;646;150;370;980;959;517;848;969;835;643;368;410;50;728;852;210;755;614;448;336;876;479;289;477;736;903;270;216;281;718;973;148;625;874;188;377;298;256;395;240;861;157;293;153;868;644;891;620;230;585;777;939;754;537;257;18;618;403;768;520;580;419;182;390;864;735;837;194;392;698;158;879;209;472;945;3;950;711;512;895;740;391;863;663;676;440;605;82;99;670;141;482;836;830;794;531;476;1;334;578;529;720;987;948;764;234;104;412;409;672;505;478;738;743;343;809;958;252;10;445;805;437;793;33;820;469;411;957;454;325;994;492;875;124;402;2;323;442;168;319;800;186;941;369;657;173;360;682;569;513;292;782;686;47;131;714;766;318;832;976;145;245;321;467;358;136;737;693;818;330;160;297;422;271;248;571;815;41;43;198;886;118;306;792;842;456;824;542;16;316;163;39;280;549;70;890;504;278;59;357;201;930;225;493;105;845;667;831;577;259;933;823;887;707;907;434;300;659;73;327;799;666;66;381;486;775;584;591;206;951;116;164;356;918;231;507;642;695;919;552;967;429;561;208;183;637;83;896;484;55;759;27;701;572;769;675;250;81;556;100;268;25;624;829;372;656;668;538;11;426;757;894;928;143;573;632;608;72;631;518;119;586;452;689;996;488;856;214;825;115;500;267;581;850;587;970;366;726;133;159;725;889;730;803;320;4;171;841;750;382;400;93;784;514;308;367;712;283;441;262;301;466;858;344;195;354;746;31;965;741;752;639;727;564;149;651;345;776;463;597;54;989;709;816;998;975;715;771;568;562;966;8;251;255;304;335;80;243;470;546;932;121;703;778;60;265;196;491;246;862;869;378;177;122;439;770;717;532;627;742;547;984;710;481;244;112;683;929;475;341;629;263;708;503;609;299;84;915;202;779;688;669;893;827;61;443;678;751;277;393;917;761;636;35;840;144;140;992;498;554;635;90;733;432;286;94;111;274;934;386;23;130;317;788;108;905;399;892;227;315;0;600;590;187;626;665;913;396;87
layout:nlp:random:492c7a94d559aa4a88769142d2a68362,802;331;720;543;55;982;902;941;324;812;620;218;60;687;908;219;630;795;658;294;370;753;111;717;920;126;550;17;401;788;105;798;893;988;656;836;64;652;402;396;699;992;233;466;827;5;430;872;944;28;468;756;514;63;367;224;40;114;209;667;275;494;335;119;43;7;320;201;334;578;971;508;108;52;425;554;141;881;634;246;237;729;907;733;115;81;701;770;843;888;987;777;267;842;238;925;829;327;18;845;180;547;477;931;368;49;355;116;819;980;636;713;969;29;440;805;674;955;339;150;192;309;388;927;278;954;326;0;10;806;915;579;151;336;230;74;371;887;702;163;965;764;639;363;824;33;80;537;522;774;926;174;194;683;223;482;12;759;487;657;306;107;340;865;404;786;165;229;433;675;202;329;900;290;14;26;595;858;859;332;727;182;499;8;735;304;197;932;435;53;740;305;56;490;596;533;693;750;181;348;564;121;166;293;689;235;264;565;860;350;511;862;303;653;660;473;754;95;154;139;916;847;592;152;676;616;241;375;897;258;637;882;374;446;755;442;966;540;821;384;301;738;88;441;949;765;649;844;214;256;796;298;861;834;123;32;189;643;509;376;311;958;503;338;510;300;269;164;44;825;857;728;319;381;659;472;27;254;428;421;460;581;106;998;648;145;610;408;330;459;588;405;518;849;37;598;196;179;418;160;823;21;790;951;742;896;412;483;20;377;792;452;762;967;484;493;161;316;431;850;195;737;981;175;140;624;584;964;312;947;99;607;760;357;535;513;392;778;16;984;807;751;68;629;833;85;458;158;149;167;94;168;697;566;589;317;874;171;563;457;642;380;4;869;492;147;242;343;731;464;432;946;310;752;602;606;663;894;252;24;789;580;631;284;469;328;249;38;775;529;200;2;314;671;828;794;58;549;919;873;6;784;681;110;776;939;96;420;608;461;990;84;398;993;837;574;75;449;694;722;853;193;239;810;710;203;69;413;417;273;709;726;815;545;204;505;434;880;437;577;399;885;257;523;534;526;937;78;378;586;364;125;407;9;877;382;551;590;555;705;70;15;852;489;156;617;48;918;176;455;323;394;443;100;769;692;272;646;251;135;318;198;569;129;271;481;333;712;263;736;217;934;561;474;259;912;711;553;410;605;358;943;82;170;366;360;899;615;118;922;283;818;337;34;486;502;447;127;386;748;132;961;801;400;383;767;162;362;226;313;538;232;781;146;365;884;225;186;791;560;13;280;207;173;361;391;883;585;655;871;289;216;36;438;571;525;830;199;623;997;281;463;62;261;501;826;600;942;530;666;59;898;863;497;507;527;771;277;886;416;734;86;686;185;423;644;19;583;921;672;450;426;704;266;879;91;928;986;98;211;804;25;739;128;838;262;414;83;933;476;531;444;959;594;839;685;599;178;716;297;11;315;389;480;976;591;205;746;79;520;628;46;270;972;285;467;148;684;979;286;633;112;868;950;411;575;90;122;895;766;113;109;142;706;349;962;491;415;924;397;488;799;940;559;169;723;347;67;231;703;611;220;353;968;640;221;970;255;495;952;274;153;662;244;621;956;974;963;816;424;504;134;813;228;227;725;436;356;130;626;991;57;989;910;292;856;854;866;296;546;373;669;190;393;867;532;548;346;930;342;848;143;654;45;516;72;439;911;698;994;627;556;567;23;835;664;448;612;890;650;295;541;479;744;793;39;840;855;245;50;803;603;923;155;645;453;831;978;236;41;811;322;749;820;61;279;47;102;996;747;89;570;325;953;422;995;138;260;878;42;619;609;582;809;137;708;604;419;678;427;213;124;572;741;385;76;92;552;159;875;208;248;471;851;250;682;891;782;131;892;587;948;387;454;35;614;695;93;247;557;724;841;913;191;688;268;677;465;302;745;187;240;718;409;999;429;680;690;714;768;172;864;517;601;707;3;120;406;957;914;632;287;54;51;321;157;506;568;352;983;351;30;977;234;785;445;103;222;500;618;721;846;291;341;665;787;808;960;780;345;730;647;945;22;496;66;253;65;243;719;475;403;661;344;761;515;183;359;668;929;31;576;276;985;542;307;77;772;354;822;1;783;177;308;562;936;485;973;379;288;206;536;593;797;73;909;478;814;622;732;673;136;512;184;613;917;758;817;521;773;299;700;757;870;71;832;558;876;372;87;904;133;679;905;901;638;456;519;390;670;696;210;462;641;524;528;800;573;544;539;97;188;715;625;451;779;889;743;212;369;101;215;906;470;938;935;395;144;651;597;903;282;117;691;763;265;975;498;635;104
layout:nlp:random:58cc2e418c3a8a19b871e15964b534ad,499;954;480;592;156;973;772;399;34;489;522;479;844;669;718;737;540;667;463;785;526;231;362;350;239;565;595;598;485;209;985;279;928;946;644;1;83;673;792;976;518;831;754;452;858;307;570;470;628;929;781;313;967;394;716;862;921;635;573;170;319;642;703;63;37;648;584;699;224;496;601;622;454;742;202;660;520;919;393;79;934;779;157;418;220;761;414;443;617;9;396;593;922;664;739;993;549;194;979;207;652;334;198;76;416;21;403;698;538;606;160;281;527;709;461;451;743;364;306;105;966;258;341;360;289;789;35;868;559;925;347;40;986;276;98;495;503;881;903;899;836;732;970;300;73;634;618;916;20;581;116;177;54;292;751;771;388;757;591;951;734;590;902;270;99;274;788;264;235;783;695;646;736;118;368;43;430;409;186;325;369;218;75;161;589;408;876;568;892;3;437;886;960;22;151;691;766;624;89;621;439;145;328;572;711;165;148;541;191;968;373;827;863;531;969;358;894;890;169;5;821;835;510;359;351;241;932;944;834;556;385;707;659;710;762;193;10;539;917;117;488;689;482;243;567;344;672;852;728;941;733;693;434;906;822;965;631;982;433;661;234;255;586;855;765;12;287;305;107;563;39;984;865;45;731;448;338;354;882;837;555;322;41;614;977;411;131;647;206;66;469;8;948;188;839;308;829;163;658;820;214;684;605;687;893;958;327;121;867;519;120;225;857;502;446;671;978;719;613;908;497;483;317;124;245;638;174;887;846;484;361;342;280;183;216;376;616;246;101;975;714;926;67;681;777;407;381;46;200;600;404;13;303;776;583;645;878;796;400;412;996;735;236;915;77;456;524;630;15;429;918;643;401;604;314;413;826;670;812;907;459;100;352;296;610;849;704;210;426;677;564;386;366;651;315;392;478;744;841;516;937;153;637;729;53;222;641;356;910;312;49;545;297;473;2;91;938;415;956;168;444;872;654;64;851;78;619;504;853;923;335;164;912;626;759;750;823;493;490;999;320;140;536;123;167;512;18;900;458;738;506;832;326;602;588;576;176;238;256;17;508;712;215;59;940;114;27;983;432;115;189;814;769;244;288;80;442;33;636;402;453;420;201;615;685;668;665;213;930;553;574;212;286;284;383;104;991;70;786;629;620;815;513;382;85;181;119;854;566;343;727;149;24;957;580;61;69;38;874;172;775;340;159;947;950;265;696;266;428;135;748;57;745;596;679;318;552;467;557;345;825;94;130;205;562;656;632;521;113;60;869;252;662;291;805;173;859;720;51;182;269;283;830;158;523;794;901;533;701;627;819;697;561;423;391;856;65;594;6;47;798;546;974;864;187;579;608;143;578;943;406;802;277;911;625;799;807;571;988;93;692;481;726;945;791;880;42;211;278;515;797;657;494;152;842;441;517;139;387;185;477;752;891;640;981;272;301;4;162;992;682;575;217;102;896;972;82;240;724;90;952;184;397;551;384;623;870;953;491;809;683;466;861;810;44;889;204;95;755;179;764;997;806;895;599;389;680;609;587;249;543;398;612;138;14;803;883;268;848;309;472;558;639;81;378;675;84;192;843;271;666;904;715;262;254;676;48;353;767;285;838;421;534;730;247;936;927;251;542;310;154;885;290;603;346;663;847;233;109;349;500;263;363;475;323;528;498;267;818;816;611;740;7;259;324;96;633;756;405;585;374;316;199;302;840;550;845;860;19;465;963;431;147;32;435;537;774;195;26;725;273;390;221;873;511;348;577;427;410;971;688;422;778;450;800;377;649;180;780;379;462;833;129;260;299;949;529;560;455;311;994;92;436;449;582;250;330;486;773;547;607;166;866;438;295;304;445;942;337;261;355;995;144;747;141;367;824;763;58;223;336;931;197;768;989;87;419;790;749;31;227;56;111;793;464;501;108;569;871;333;708;875;175;248;331;339;460;787;955;507;801;920;372;898;171;760;142;850;770;653;0;962;753;471;804;127;86;357;828;11;879;690;74;232;253;23;282;122;924;150;365;913;686;554;375;990;30;125;544;655;532;505;370;219;425;126;25;228;50;380;784;746;52;980;28;717;935;888;196;492;961;702;68;548;294;16;424;29;293;808;723;525;535;476;136;440;705;257;208;706;722;914;782;741;71;468;813;474;998;817;134;905;964;721;36;909;811;321;103;178;62;884;137;514;237;133;877;457;713;530;597;128;487;509;959;897;795;371;650;230;758;939;55;933;229;146;106;242;88;132;203;298;674;694;987;110;275;395;417;700;97;226;190;155;329;112;678;332;447;72
layout:nlp:random:60880ed76de53f4d7a1b960b24f20f7d,457;836;320;647;219;645;356;623;270;742;703;195;866;112;790;946;143;622;301;819;519;80;579;135;495;437;678;115;34;998;955;941;972;494;264;542;341;892;939;518;697;84;436;552;281;260;246;441;943;514;185;606;440;290;65;486;26;331;847;789;55;668;874;720;765;920;747;740;531;619;510;520;11;406;756;165;259;189;285;580;351;910;781;931;212;576;525;482;581;821;172;761;825;541;917;391;656;96;716;575;207;856;830;79;641;774;799;38;120;497;612;805;997;62;724;543;540;240;239;809;944;556;577;658;669;701;355;693;134;726;254;313;934;745;563;420;737;309;873;442;232;201;478;139;513;396;592;963;333;44;801;967;688;550;630;238;757;155;524;936;39;624;20;69;15;718;94;601;911;626;769;214;302;719;861;548;605;907;985;465;796;400;325;905;41;509;216;93;551;766;228;377;508;916;159;92;58;976;272;56;913;422;144;14;753;103;635;381;780;889;324;717;878;349;105;82;655;932;261;625;293;273;485;578;412;739;533;161;802;202;602;817;695;299;116;251;304;526;642;933;104;247;857;754;156;568;860;452;894;348;491;496;252;384;950;241;981;978;71;171;8;342;792;70;773;280;152;389;672;828;10;173;283;898;45;166;632;292;818;793;901;133;504;2;43;350;980;728;865;208;498;388;383;755;961;421;445;368;191;609;723;990;670;50;97;687;616;295;921;694;338;854;209;198;428;484;896;78;164;53;390;110;841;418;706;595;29;994;248;66;18;278;988;500;346;675;953;685;332;557;177;253;893;489;142;598;722;733;987;243;666;690;705;158;523;984;60;820;503;618;334;886;111;664;233;59;475;492;919;192;27;203;570;600;682;529;187;839;470;129;487;594;160;114;956;154;245;712;516;587;975;771;267;882;329;451;659;300;119;512;858;137;798;588;54;758;870;67;210;721;256;851;532;128;222;423;814;68;140;544;463;312;399;973;767;617;186;583;404;673;610;175;995;908;957;376;903;904;952;677;929;881;567;585;691;530;136;912;779;566;419;353;287;555;565;959;763;634;169;217;628;395;141;231;951;786;654;35;471;734;511;407;736;456;834;831;649;190;434;674;657;928;359;335;435;225;151;369;741;206;310;378;258;559;676;481;0;345;265;885;413;797;945;750;899;584;681;986;992;459;319;909;347;127;597;714;242;700;297;969;744;284;25;614;749;785;382;782;732;364;213;715;983;106;853;812;90;643;942;822;962;24;462;702;867;126;683;515;398;731;574;179;777;352;375;768;424;37;458;403;194;176;902;7;88;589;840;474;468;255;906;564;132;439;453;402;193;387;358;949;429;538;561;869;679;167;521;787;493;479;425;746;707;461;770;662;392;438;469;117;620;835;72;964;373;250;263;713;698;372;993;447;411;947;872;586;416;784;305;42;449;571;168;991;864;131;621;735;476;275;125;431;32;558;124;100;76;897;86;354;648;367;775;937;289;64;472;488;298;321;636;182;930;926;370;227;652;968;40;1;783;337;852;211;671;460;121;199;317;327;596;966;918;877;109;483;221;560;760;572;448;379;48;615;506;582;47;162;762;63;282;599;363;236;535;344;743;21;427;365;806;534;689;99;9;266;340;330;464;699;826;502;30;970;286;795;573;850;415;665;296;833;935;788;977;288;277;308;328;374;13;569;205;604;409;467;891;371;401;150;639;23;823;397;611;4;426;890;680;646;663;923;627;22;118;562;204;954;432;123;815;862;832;546;979;480;446;326;235;17;443;146;276;430;95;751;408;816;800;965;87;306;948;999;922;505;684;808;996;883;914;887;52;322;454;607;311;925;181;224;729;108;501;318;303;748;405;730;147;499;279;924;613;727;603;778;958;704;414;875;33;61;686;849;938;220;433;752;638;360;880;547;444;650;837;234;590;989;385;473;507;323;813;339;178;361;633;660;386;153;971;417;517;98;122;180;229;759;804;184;593;357;85;653;157;46;130;307;554;74;539;811;5;148;738;876;553;83;174;640;196;982;31;91;879;927;776;81;528;215;226;455;262;101;149;28;223;960;725;3;629;269;244;824;710;810;895;651;170;89;237;113;36;855;940;343;667;314;915;16;549;366;450;19;183;51;637;772;294;257;661;807;138;844;868;380;827;410;696;608;200;591;859;268;888;291;527;218;73;537;846;791;107;393;974;764;803;709;631;848;230;315;522;249;394;545;466;102;271;829;49;863;197;75;843;490;336;536;57;838;77;188;711;163;6;477;274;12;644;708;692;362;884;900;845;842;316;145;871;794
layout:nlp:random:6c1101f6231f4d1722c3b9f6d1e25026,362;750;138;6;267;766;927;764;723;104;983;265;24;548;296;82;202;222;748;96;365;166;674;649;277;676;699;387;444;31;535;514;319;596;359;972;740;773;332;916;142;421;519;573;715;502;866;360;423;637;589;943;261;780;290;401;568;865;683;385;933;619;208;955;98;721;371;528;742;798;785;326;280;268;961;405;61;282;771;221;45;529;695;592;846;182;455;659;631;991;663;482;657;448;368;1;34;826;426;193;615;993;590;838;217;536;466;226;372;783;523;614;931;8;932;717;987;979;831;560;632;499;936;318;981;800;640;802;710;246;194;863;245;953;698;40;419;92;610;227;609;713;784;263;264;521;842;238;118;469;128;64;782;969;450;382;712;733;746;134;430;179;363;25;433;20;675;256;817;67;835;889;579;959;471;287;352;888;680;259;647;85;115;741;477;651;350;839;623;310;381;120;666;641;367;696;951;500;908;607;803;386;635;507;940;192;445;728;89;867;219;858;410;322;272;123;557;703;978;890;83;43;106;743;720;883;185;14;152;844;900;465;644;3;446;747;235;66;919;894;770;581;656;660;314;567;821;954;593;415;304;869;220;755;708;599;772;239;44;463;788;279;939;328;950;48;486;347;30;379;158;161;898;706;572;892;284;100;515;122;654;70;424;380;121;777;629;111;105;970;293;461;905;407;911;300;752;86;611;398;901;547;50;396;143;716;87;990;503;824;39;825;578;704;397;956;679;727;960;357;612;627;171;729;845;672;418;125;731;440;207;356;395;175;873;971;667;109;278;126;561;700;11;848;538;416;608;473;642;148;209;316;658;570;518;531;162;815;903;930;744;170;101;275;634;403;526;187;150;822;218;241;624;7;709;751;524;648;54;881;928;556;404;701;212;301;594;603;965;429;753;840;79;237;980;787;498;962;574;467;862;9;945;141;95;544;935;196;975;28;69;491;796;252;513;891;807;775;735;797;966;823;769;682;605;201;810;71;586;745;102;116;749;805;668;836;661;370;830;924;343;412;820;330;270;333;203;808;718;348;818;133;119;880;833;912;249;550;283;913;338;107;97;78;375;670;38;759;81;511;311;597;391;934;62;483;984;438;533;155;582;384;967;545;843;198;636;870;184;165;468;88;55;613;99;996;434;59;652;173;494;431;417;662;247;449;288;453;436;857;517;112;495;837;920;756;72;364;942;191;452;946;899;697;795;159;117;801;554;186;91;730;664;58;373;18;537;687;685;694;847;688;625;229;856;630;587;850;354;36;501;334;566;129;346;994;377;351;540;558;595;485;250;937;724;248;855;132;669;638;617;361;353;167;976;406;562;214;921;977;402;428;601;286;180;60;799;604;46;456;443;447;457;281;480;12;998;571;269;974;781;189;340;476;441;131;393;329;506;47;512;460;345;442;964;985;94;854;478;2;327;271;432;481;146;760;509;462;411;600;633;732;258;602;315;195;136;828;819;813;896;390;317;786;628;22;520;792;409;298;324;339;276;253;19;736;583;414;205;897;917;400;458;690;153;168;714;90;849;758;292;190;0;886;437;233;852;510;963;871;620;968;16;439;139;794;172;778;57;73;183;527;13;244;262;4;242;606;681;5;804;490;553;108;149;754;68;320;543;151;399;273;874;909;493;541;622;302;130;868;941;893;289;223;575;232;479;422;914;791;156;181;341;113;376;394;774;147;420;639;551;719;851;616;413;829;915;580;392;472;864;42;655;206;875;474;546;355;925;958;127;216;711;135;904;33;297;552;686;29;957;306;215;255;947;665;722;26;321;257;776;841;63;691;530;793;489;653;236;74;565;768;325;877;378;154;243;861;853;737;309;806;140;342;532;49;470;918;789;559;692;949;344;488;10;525;137;114;75;37;522;678;80;204;577;459;454;677;307;643;303;331;76;487;163;260;910;884;811;240;23;988;779;684;464;650;84;35;17;621;177;534;408;834;176;497;922;809;231;200;584;539;294;767;982;739;366;564;878;323;762;210;145;383;369;211;725;174;475;992;832;164;938;51;563;228;726;816;21;585;374;225;555;197;812;948;671;761;299;266;618;388;274;763;549;335;995;814;53;254;588;887;425;944;973;234;999;291;673;790;504;997;626;757;827;576;872;77;124;295;702;110;542;516;879;989;336;645;484;923;505;451;895;15;312;251;876;224;169;926;435;860;27;93;358;285;56;885;496;144;178;569;313;902;508;308;929;389;707;859;160;907;598;738;188;305;689;103;882;65;32;41;906;492;765;734;157;349;199;213;230;337;952;427;693;705;591;52;646;986
layout:nlp:random:7105451001e119f65b66570d170b94a8,376;46;392;930;955;340;690;966;530;269;58;786;890;636;433;584;219;97;114;529;490;485;965;463;751;87;824;747;609;540;585;617;858;713;604;662;672;276;351;615;983;675;346;638;272;698;372;833;516;467;136;2;813;667;541;624;716;971;765;650;857;385;177;654;646;837;916;332;466;14;43;846;411;590;520;593;432;396;455;247;49;279;52;333;696;592;873;992;54;31;611;278;96;860;665;181;146;465;122;389;818;613;888;733;194;309;26;835;537;21;574;816;382;762;898;258;179;439;594;133;523;559;830;794;737;864;147;947;17;694;228;345;651;113;788;281;129;12;82;826;209;797;435;118;923;739;187;419;917;448;994;681;297;426;239;673;277;961;691;1;525;671;985;550;851;73;329;331;205;337;291;402;644;543;910;931;195;564;292;63;527;204;740;742;796;312;758;155;472;210;897;722;132;311;911;513;856;108;717;715;656;339;975;509;373;495;60;473;514;842;9;476;328;820;307;789;616;658;871;945;993;496;598;166;882;664;989;468;144;986;515;546;78;296;563;974;876;452;148;190;566;315;443;506;689;560;874;768;686;98;159;356;602;634;362;906;480;770;128;304;838;271;745;86;390;554;104;18;872;741;935;720;834;905;969;682;507;709;127;659;721;867;361;169;948;192;349;101;982;270;15;940;801;469;364;173;996;445;731;535;38;884;164;325;748;565;695;687;949;244;704;424;79;293;984;552;29;377;180;547;679;951;631;619;761;408;76;568;324;243;198;287;238;562;429;500;84;310;89;72;783;957;877;806;555;134;185;827;579;868;488;907;248;422;380;313;908;776;757;881;532;399;705;261;901;336;283;417;732;596;7;363;501;922;374;512;109;744;828;832;487;355;798;360;718;639;10;70;943;521;736;647;338;188;829;531;970;861;412;126;481;968;71;197;365;251;11;600;262;622;962;384;440;790;581;20;678;852;369;156;738;843;201;779;569;282;367;430;19;184;630;387;549;75;920;542;438;67;400;218;889;781;950;708;217;250;213;795;91;990;395;499;141;161;353;401;36;202;99;416;764;131;150;618;642;449;458;474;707;112;462;24;265;33;959;712;557;746;379;607;386;444;724;8;34;497;886;140;74;571;295;963;688;895;605;730;655;285;172;237;124;92;840;774;612;972;120;628;610;879;787;626;41;750;183;714;941;305;799;427;414;723;50;939;896;614;407;298;582;556;755;567;793;802;511;157;28;981;178;83;110;137;290;792;323;589;231;777;831;371;53;342;306;163;189;870;35;391;55;763;111;885;517;252;107;450;208;314;174;90;308;752;434;421;442;394;48;0;186;756;383;586;23;436;37;199;51;850;223;158;623;327;406;653;5;25;880;942;299;274;875;629;925;933;657;366;100;899;494;222;903;152;825;580;643;431;526;233;534;139;821;240;479;253;267;368;263;836;725;558;697;106;803;997;486;608;576;318;3;162;841;39;954;398;457;42;635;524;260;551;464;652;255;138;967;125;22;168;839;919;728;330;862;242;503;743;491;893;958;811;505;759;249;280;66;775;822;397;425;640;229;69;753;711;760;301;932;960;808;68;214;451;680;117;726;236;153;477;56;119;937;814;381;918;62;767;583;676;819;103;848;668;670;175;900;904;754;597;343;428;773;403;988;334;483;409;303;909;964;973;478;601;352;102;165;766;528;454;225;914;938;359;810;437;232;13;894;620;216;410;936;492;853;683;892;588;316;245;823;591;784;193;65;335;577;268;815;354;660;946;785;504;350;489;317;347;300;344;115;167;518;45;151;375;649;484;149;539;883;264;235;413;470;130;866;441;685;145;135;64;800;461;59;420;663;666;471;378;606;817;844;81;227;143;809;977;772;254;953;855;453;88;912;991;30;294;341;859;502;415;459;519;370;226;257;599;203;105;869;4;170;220;32;206;544;320;684;286;57;116;570;510;641;648;498;978;561;769;6;735;710;475;123;702;956;692;77;854;482;927;999;621;284;998;980;207;234;142;921;847;952;913;176;976;928;812;603;995;456;633;661;669;729;196;849;572;536;863;934;632;804;95;553;404;595;693;16;771;706;27;288;94;200;522;405;61;493;734;587;719;230;703;944;121;40;358;929;241;302;548;538;44;212;508;865;749;160;637;677;85;246;326;357;319;887;182;47;418;575;221;171;915;878;259;987;348;545;393;224;215;322;447;321;533;780;791;80;289;807;627;845;578;805;154;699;701;275;388;979;778;573;460;902;700;924;446;782;191;674;926;625;211;273;891;256;645;266;93;727;423
layout:nlp:random:71b79ca6db513e7979c3702c595150c2,377;502;202;160;228;794;956;115;262;146;967;373;905;847;415;521;970;401;610;213;385;870;143;882;949;992;945;282;433;393;380;902;866;729;131;314;163;924;527;803;96;523;879;447;310;212;280;552;682;47;672;382;275;389;252;854;365;419;20;186;775;993;359;354;785;284;855;473;831;779;491;471;302;418;305;104;591;59;998;425;219;506;994;509;107;503;161;60;901;317;781;741;465;887;876;103;655;707;551;408;895;172;961;297;445;450;538;387;221;825;638;740;265;547;82;24;42;624;574;486;35;56;916;241;846;148;106;455;140;554;936;2;484;838;218;769;642;55;513;394;169;410;602;466;19;68;496;376;299;862;85;640;428;749;475;25;628;685;599;757;26;153;342;197;947;841;405;951;70;493;88;871;84;379;942;774;253;71;566;485;698;164;677;43;396;631;434;770;178;110;444;141;827;869;279;481;38;649;815;934;120;548;304;858;575;615;311;903;890;463;567;793;516;680;458;23;87;167;397;623;635;973;619;540;691;176;498;480;427;667;968;608;11;885;971;731;730;225;525;997;256;177;285;151;52;593;861;173;725;184;124;605;880;932;549;541;867;69;700;673;830;487;844;963;144;14;975;500;39;343;392;966;760;964;204;768;878;13;710;171;295;679;15;352;438;400;709;217;630;618;157;77;111;72;65;647;988;643;982;414;231;239;189;431;532;884;269;328;972;651;266;283;133;728;320;892;468;205;759;765;802;116;839;238;772;791;743;356;62;806;719;378;250;246;113;990;75;227;271;919;528;693;136;339;439;99;654;587;572;706;646;747;501;499;126;562;986;692;440;435;762;109;105;364;701;921;625;277;737;368;344;732;130;7;97;796;446;661;292;482;674;533;929;490;412;617;334;54;585;912;127;348;303;526;249;332;568;726;366;230;629;436;272;534;73;976;999;891;67;755;849;22;597;804;30;316;578;943;904;383;399;350;224;594;829;908;395;787;883;933;17;545;191;648;813;588;479;872;941;620;683;119;290;589;50;739;703;443;3;134;669;778;34;539;326;234;598;800;417;644;969;913;600;727;457;437;199;196;83;122;240;805;135;837;293;469;926;809;733;819;746;899;812;621;939;518;80;422;900;505;614;404;257;421;767;898;721;576;836;606;258;263;264;308;543;460;4;738;81;149;537;32;349;978;449;298;181;748;193;734;150;828;31;406;44;595;983;515;139;123;369;954;187;504;467;835;842;689;423;893;507;190;185;817;914;824;512;560;570;558;950;372;705;948;952;777;301;200;559;94;546;868;243;76;996;201;671;242;581;477;170;826;670;313;347;712;403;409;632;542;865;881;604;318;494;209;21;927;384;580;822;12;112;834;771;853;907;722;957;40;254;329;859;845;137;675;717;874;751;763;233;832;723;766;413;270;687;195;583;93;322;223;208;203;461;10;108;273;102;247;653;925;889;488;788;609;877;529;860;281;398;696;561;650;524;98;857;286;792;0;156;664;232;752;590;28;489;713;79;472;37;780;910;159;550;100;773;478;668;226;724;255;345;514;235;210;453;666;125;312;984;896;959;711;681;851;152;742;761;758;118;660;89;603;633;78;754;911;91;402;843;873;174;61;991;716;338;388;735;454;811;536;29;510;6;357;336;158;985;166;657;306;955;289;688;381;592;658;90;569;915;616;897;211;278;333;965;165;374;531;291;497;888;325;492;145;636;194;464;259;476;424;797;288;810;764;114;355;678;411;850;452;66;555;155;995;92;511;886;8;974;930;101;296;358;573;634;340;694;807;699;656;586;637;307;276;183;556;596;27;351;753;928;522;789;920;922;918;714;386;267;341;577;222;917;799;980;571;407;138;627;790;745;663;508;783;979;622;362;798;448;198;1;544;641;456;370;245;702;57;784;117;48;121;818;801;86;95;327;337;953;51;906;659;323;361;287;367;989;931;315;274;154;129;601;248;46;216;495;704;261;214;935;330;9;662;371;786;820;251;652;875;690;346;613;909;821;430;331;147;416;517;180;432;429;128;41;607;697;33;676;36;470;426;795;375;441;564;946;715;814;960;808;782;776;708;182;294;53;611;175;840;168;300;582;736;665;459;848;563;684;142;863;49;420;483;944;5;823;321;309;520;474;220;519;938;206;816;553;63;579;462;645;45;977;744;192;940;353;237;565;695;962;363;981;16;207;864;360;268;612;852;958;833;923;319;260;188;236;74;244;686;535;162;894;756;391;987;18;58;229;64;584;132;720;335;215;530;324;626;557;856;390;718;179;451;639;750;442;937
layout:nlp:random:7f6284ebe027b1e9a3850fc703858a59,179;901;499;12;422;952;325;747;102;719;880;988;571;811;471;41;359;145;505;642;457;818;308;97;236;218;475;369;558;188;141;172;302;578;424;109;863;667;74;27;371;40;329;427;25;232;963;740;945;315;81;405;653;282;444;196;671;114;360;935;378;933;974;451;150;777;212;981;396;121;90;930;493;95;426;723;743;714;513;281;498;826;715;665;683;541;763;720;293;914;666;470;2;194;925;754;991;660;456;942;176;497;214;570;781;905;224;576;178;480;663;682;436;85;255;937;175;885;724;442;328;410;76;907;709;726;377;342;632;549;656;202;924;536;779;286;244;122;602;685;484;641;463;915;64;157;611;454;848;350;693;733;301;397;776;447;458;871;830;399;272;452;775;917;566;525;125;783;311;789;267;604;54;674;878;353;110;972;552;584;440;701;147;221;794;87;630;324;902;312;900;832;299;990;903;9;367;220;453;563;574;941;940;310;884;127;445;18;626;567;411;107;864;819;170;250;247;592;307;659;137;753;8;560;382;788;646;645;522;920;199;727;904;534;608;388;953;968;404;847;355;84;718;262;730;585;518;185;896;670;10;361;650;184;354;316;678;434;478;758;969;759;131;805;841;52;961;243;289;869;586;395;827;82;821;118;600;820;129;287;721;613;106;29;391;3;668;320;415;481;516;21;22;508;482;912;290;745;985;37;168;14;44;886;938;412;978;765;895;897;931;375;16;213;939;285;598;717;228;812;294;595;211;5;691;865;441;146;158;862;697;268;731;408;437;334;842;233;614;899;562;557;877;658;983;992;825;676;19;606;438;77;58;89;971;144;577;807;226;136;288;61;134;297;982;857;894;343;622;274;640;711;875;461;47;407;921;229;588;160;486;174;601;741;216;625;467;860;128;477;867;24;423;706;737;59;357;729;190;854;909;491;846;103;349;610;752;980;337;605;421;829;466;264;810;143;425;906;838;151;644;83;535;851;833;850;68;817;679;240;238;13;859;704;304;657;603;460;856;716;4;801;331;809;390;936;634;472;568;725;413;336;159;908;956;485;116;957;488;210;888;722;803;171;923;278;868;464;235;386;295;989;684;890;387;474;6;523;51;540;507;661;947;599;246;965;49;593;531;38;203;273;191;823;638;344;275;627;347;785;483;932;964;198;108;950;263;946;379;561;364;680;495;115;339;55;984;381;792;186;750;265;332;556;815;688;153;514;843;735;366;944;234;849;916;28;977;459;346;468;69;333;197;66;532;791;26;237;345;755;222;260;664;443;219;148;918;959;105;181;124;135;728;997;400;879;496;927;551;677;96;446;70;133;736;169;778;223;206;705;356;834;284;33;419;929;373;911;797;702;428;836;780;698;710;629;385;515;251;23;806;786;73;872;934;510;348;65;738;973;123;403;919;50;681;384;565;254;643;766;881;327;703;34;673;48;587;358;164;56;831;975;569;245;795;619;313;291;618;784;398;101;757;330;439;414;370;517;538;589;402;708;636;995;20;205;335;996;808;771;855;362;799;94;861;306;547;182;113;156;692;922;261;338;231;760;746;432;277;416;409;112;870;582;804;380;526;689;201;512;492;837;596;519;631;669;527;207;298;433;635;435;672;91;318;372;479;88;943;314;167;138;773;0;494;739;152;858;910;572;473;193;639;756;648;675;490;987;292;92;35;504;465;839;979;317;242;591;86;537;876;800;960;699;633;545;999;609;994;162;149;341;100;612;695;764;126;762;998;655;926;154;542;187;253;431;590;575;119;165;351;309;225;539;57;506;624;368;189;249;649;555;887;130;615;824;892;948;401;579;78;177;374;32;802;60;787;662;67;529;43;248;543;970;882;962;266;845;389;352;271;117;712;394;744;163;383;7;748;462;300;822;501;30;195;580;296;893;417;550;949;279;621;45;1;239;521;814;215;651;637;573;502;511;654;647;687;828;326;46;883;270;616;958;469;227;259;166;546;770;111;139;774;840;686;99;72;252;17;581;751;734;192;303;768;476;761;628;269;928;15;340;559;365;554;772;79;835;955;500;767;620;258;700;694;323;889;898;36;42;793;873;798;450;696;200;866;852;487;173;509;623;967;53;429;993;204;553;430;376;319;690;597;321;769;524;652;796;140;93;966;853;98;548;230;183;976;528;120;418;75;393;180;155;71;241;420;503;594;305;62;954;816;142;80;913;520;713;790;782;533;986;63;564;742;607;11;813;209;31;951;280;406;161;104;392;448;707;322;544;583;257;208;732;844;256;749;283;530;276;455;874;132;489;617;217;363;39;891;449
layout:nlp:random:b2fdde3b72980907578648774101543e,103;408;482;957;43;846;192;413;599;350;663;225;798;627;578;888;856;112;287;746;880;832;567;582;319;843;484;802;763;598;693;996;115;149;485;923;831;455;113;596;295;349;300;479;671;348;212;136;961;824;6;441;521;88;186;83;14;525;385;422;231;806;683;199;361;118;581;158;142;124;68;901;583;147;417;509;930;29;987;156;477;390;54;954;792;803;549;181;661;749;263;213;667;210;866;834;169;364;340;171;533;41;85;397;872;160;708;30;261;974;672;220;628;917;363;894;47;949;559;19;898;9;538;274;247;440;728;184;458;381;203;991;828;635;342;962;420;639;640;579;371;659;36;469;790;21;926;527;116;568;114;649;476;389;189;595;107;504;438;953;512;845;837;719;155;664;325;561;986;218;8;875;741;396;756;190;960;296;354;224;873;765;401;648;337;877;258;427;2;899;817;884;630;208;993;333;700;844;70;481;716;256;379;10;339;430;673;320;531;615;564;937;853;626;864;344;652;994;491;871;463;297;511;72;352;445;632;262;311;947;74;144;951;44;685;945;437;46;108;516;870;529;162;679;120;98;604;642;173;997;322;890;271;718;795;727;489;442;587;483;52;787;399;593;34;935;93;815;172;902;270;556;436;978;744;459;761;211;726;182;914;104;360;684;241;150;204;605;464;820;268;215;519;415;650;934;61;709;148;285;395;244;647;45;753;570;660;711;976;48;373;409;717;950;257;773;754;758;201;770;764;740;799;862;309;655;584;816;895;885;387;800;453;969;804;380;646;545;474;435;876;995;998;278;777;748;759;699;32;146;971;416;97;909;774;706;536;697;608;314;638;900;439;486;177;979;780;797;99;916;249;321;865;289;609;235;23;355;715;332;283;589;487;779;187;288;554;163;861;304;195;188;447;620;368;913;553;701;259;233;22;345;101;751;747;174;760;451;946;302;908;927;248;662;318;530;745;688;471;143;618;40;25;125;558;62;735;705;109;586;522;490;724;494;807;329;421;892;429;50;936;590;472;689;959;517;907;588;819;842;686;1;161;624;722;526;11;223;938;327;131;394;656;431;493;267;766;821;730;882;601;312;151;874;87;641;793;657;813;292;127;456;58;577;134;90;676;133;850;39;130;465;563;562;574;467;139;733;732;984;505;848;17;794;106;827;757;602;443;970;500;515;968;742;357;343;79;854;33;737;308;524;830;424;731;15;573;100;687;518;990;102;704;26;64;245;423;692;473;910;591;762;426;81;92;137;492;412;537;496;580;857;603;532;239;31;658;260;454;60;736;781;665;528;675;743;691;629;132;612;4;488;723;551;242;893;404;669;597;403;791;209;166;18;12;110;654;867;323;290;411;506;367;49;696;623;358;359;316;82;197;883;353;576;614;952;514;847;540;280;378;450;306;674;965;739;237;904;778;400;703;569;222;823;433;975;720;236;255;634;366;152;985;266;254;444;446;939;643;575;690;616;782;878;272;276;801;53;95;666;768;73;546;122;677;771;633;571;928;896;246;668;328;915;503;305;729;869;206;678;534;849;552;418;434;520;475;835;956;918;470;887;291;905;911;362;452;897;91;170;767;80;932;613;449;783;24;924;999;775;164;299;929;818;977;383;145;548;670;714;448;298;786;784;205;510;606;466;168;228;836;313;539;644;310;293;279;594;214;933;919;982;810;356;858;56;499;622;96;881;183;462;886;65;860;713;980;989;480;940;461;185;227;944;117;391;121;550;326;193;230;535;523;814;788;374;198;468;721;457;840;508;637;66;695;5;398;37;303;284;335;282;207;269;948;698;226;178;129;35;376;153;838;495;557;251;725;238;336;645;822;240;402;841;167;42;138;478;57;375;338;157;165;547;498;566;315;89;159;13;958;738;176;513;707;365;973;38;27;264;28;388;931;63;600;734;347;86;829;625;221;253;879;972;776;611;370;955;419;126;808;234;501;77;497;111;128;105;592;334;680;330;265;694;393;386;392;752;76;809;651;428;0;331;382;75;833;410;307;414;889;891;351;981;286;84;16;51;920;921;852;69;859;217;377;903;805;855;925;789;610;55;710;179;906;507;191;7;406;555;963;988;942;219;863;273;631;542;275;967;541;565;825;502;750;194;384;405;772;702;216;341;294;243;966;369;812;281;839;317;636;543;324;617;607;964;619;544;560;621;943;301;123;372;94;20;572;140;78;119;941;868;180;912;585;992;175;196;653;755;983;769;681;712;826;71;796;851;154;141;432;682;202;922;460;59;67;229;200;346;407;785;3;425;277;811;135;232;250;252
layout:nlp:random:d15316c12eefdef1ba549eb433797f77,717;140;511;799;425;912;663;901;925;825;979;537;58;131;980;92;120;125;428;516;333;240;342;824;37;318;269;253;123;332;927;165;833;822;842;380;130;411;749;50;103;658;175;18;451;659;326;694;788;600;7;343;280;636;183;207;514;957;208;501;869;42;624;722;778;751;963;228;971;449;159;866;642;317;9;323;655;683;576;71;238;493;44;810;719;641;352;137;257;182;489;70;886;216;758;772;283;623;412;932;981;217;457;112;13;568;437;148;313;480;452;634;994;249;367;237;314;331;809;494;298;665;135;552;790;417;863;471;774;586;168;776;124;167;771;686;753;147;424;261;440;433;184;874;701;637;446;967;281;896;521;230;953;672;509;25;366;427;682;792;76;248;675;566;881;423;194;738;620;404;100;156;573;490;517;85;170;543;186;385;491;750;607;372;711;782;591;35;27;567;754;746;26;613;416;116;535;153;259;483;223;178;465;400;816;303;374;52;595;373;87;657;348;309;69;468;335;823;990;458;256;570;662;813;474;503;96;401;89;589;297;735;986;59;644;291;444;189;819;609;856;744;106;60;569;593;851;891;580;821;563;997;286;512;703;565;991;923;67;767;359;132;530;524;714;736;384;906;482;260;499;835;888;547;162;464;40;439;204;397;522;973;667;498;797;875;582;300;674;618;696;4;368;761;578;867;554;638;848;915;28;892;587;610;553;941;508;752;987;930;222;287;236;142;945;604;193;239;806;111;673;1;75;787;279;504;31;22;780;989;748;844;612;730;231;817;220;41;520;564;630;450;676;382;63;538;345;459;635;939;110;250;768;978;3;47;212;99;549;210;405;0;899;606;948;773;215;944;361;221;958;16;320;430;959;697;877;484;929;560;556;859;897;728;572;479;420;615;920;355;838;155;265;713;831;133;954;363;828;377;916;975;653;190;270;802;913;968;893;166;277;931;757;109;203;943;394;84;894;461;830;390;907;288;219;481;321;191;785;81;310;346;455;322;998;434;698;808;962;61;68;108;198;555;443;187;541;803;398;114;815;720;72;956;246;54;5;181;616;316;36;49;15;704;938;949;527;622;982;671;344;415;90;402;546;732;933;742;337;86;360;487;712;827;276;709;56;115;466;392;668;470;669;725;306;965;992;151;734;690;936;625;847;334;308;551;163;647;224;841;209;755;272;304;225;515;48;206;197;909;903;876;922;65;861;542;646;575;900;592;740;585;179;729;786;505;150;940;723;254;160;46;473;769;467;829;241;353;648;391;357;955;235;660;947;691;679;139;23;840;274;656;378;307;839;121;251;79;338;358;24;999;173;278;438;762;770;262;218;365;857;271;292;526;995;651;937;180;478;884;739;324;766;101;441;976;158;329;919;354;864;966;708;14;611;664;964;692;865;413;599;946;258;105;621;885;8;319;602;201;244;122;104;805;561;972;873;935;356;689;435;695;747;289;868;351;579;710;233;597;456;305;410;845;596;789;80;399;161;375;548;472;804;862;77;619;144;408;268;214;800;30;590;339;290;119;974;905;853;17;626;57;39;678;486;134;66;715;64;91;407;369;497;406;32;422;107;628;685;645;129;302;756;211;577;775;340;93;2;924;421;328;598;229;6;793;743;388;409;921;629;850;860;681;631;195;488;849;531;791;88;666;295;942;854;617;843;199;559;419;832;904;95;386;33;242;436;745;20;733;477;633;627;880;469;918;74;454;855;539;403;172;574;349;255;426;460;680;721;301;387;152;993;11;765;826;118;737;429;608;760;12;961;234;724;536;523;192;62;38;887;820;670;632;702;232;872;176;202;364;759;811;950;960;73;145;157;640;293;783;603;858;507;245;177;97;476;614;834;431;970;661;533;325;583;10;557;213;529;506;495;985;706;171;296;500;532;227;185;381;911;336;910;917;951;82;29;327;21;299;525;34;83;462;983;764;716;447;741;55;707;143;379;485;984;883;252;726;801;798;389;836;969;149;926;652;594;852;448;540;496;463;113;432;684;878;914;285;282;654;154;43;263;350;393;812;362;164;814;795;492;882;700;796;226;889;98;146;169;78;315;275;677;643;895;902;584;846;763;699;174;128;311;347;777;136;414;200;188;294;781;19;502;908;370;102;996;418;988;837;453;519;266;196;513;601;687;550;94;267;588;395;341;581;898;571;534;562;247;127;138;705;649;718;605;284;442;545;928;141;53;475;445;510;205;731;45;117;952;330;376;639;558;977;794;383;243;870;890;371;779;650;807;273;264;528;818;126;934;544;871;693;784;51;879;518;688;396;727;312
layout:nlp:random:f6c146fc5cf10be4f3accbaca9897311,749;352;158;726;846;634;926;908;123;38;487;896;911;334;961;575;188;882;667;923;752;429;865;820;302;577;466;345;166;898;957;380;950;696;94;725;351;665;695;387;460;406;129;538;143;465;704;954;827;51;165;272;929;103;373;341;952;598;505;921;196;884;767;477;155;746;919;715;436;228;594;408;46;126;707;578;391;631;13;9;951;243;617;535;525;78;980;994;384;191;997;495;699;977;587;916;275;807;621;86;131;280;79;687;365;37;855;888;623;222;611;955;912;628;981;648;797;546;833;909;450;934;666;230;257;362;71;739;212;700;602;917;385;240;933;691;476;98;7;101;778;246;8;555;22;187;504;901;732;810;848;838;6;649;519;694;653;363;895;584;134;66;42;151;255;321;697;252;516;336;932;381;829;913;564;117;383;116;486;540;673;524;562;891;299;684;515;1;172;379;219;127;845;91;939;873;332;635;561;130;370;284;346;282;656;61;16;880;90;999;342;506;501;971;353;770;573;29;615;293;399;394;529;239;690;597;20;958;889;28;500;652;551;136;949;270;367;662;48;259;229;208;307;217;17;881;717;858;985;237;727;434;521;560;447;843;616;553;740;915;291;823;795;296;463;107;483;214;401;661;176;743;455;633;836;356;108;36;375;774;714;213;857;47;251;244;137;160;109;266;537;906;831;887;566;804;315;819;842;779;585;669;877;245;195;938;548;18;58;55;21;438;722;295;862;238;721;576;310;581;446;454;420;675;861;927;392;435;800;711;470;311;53;39;3;860;686;678;758;591;817;651;224;100;682;630;942;494;395;785;368;531;157;969;654;88;468;59;350;62;541;757;121;974;178;803;256;242;482;522;303;986;796;763;405;624;97;250;403;397;407;248;496;426;850;325;660;200;922;81;448;982;292;0;989;527;822;776;542;544;389;589;491;965;377;849;993;122;787;812;793;799;619;508;443;189;427;478;759;931;786;716;5;215;859;393;745;83;637;390;856;830;54;863;720;69;998;95;223;742;52;748;604;110;25;644;588;472;30;199;499;698;456;268;571;413;471;323;396;247;781;125;388;290;677;641;67;811;14;885;941;422;968;703;281;480;946;433;963;731;534;289;204;220;26;780;530;897;27;82;330;734;317;622;809;80;772;412;171;337;154;676;232;870;93;693;11;458;301;520;286;679;132;493;306;12;278;49;586;15;967;106;766;620;174;404;737;186;962;437;124;144;167;953;485;642;184;57;518;670;329;976;816;159;161;992;218;409;263;183;309;285;607;632;729;85;825;316;190;956;150;359;277;357;824;170;354;312;558;674;828;162;832;736;972;640;756;643;944;874;744;267;580;147;382;705;771;76;128;145;532;241;510;444;735;253;755;461;973;567;152;928;959;984;398;114;773;964;271;930;313;943;606;840;70;276;484;893;424;488;533;432;983;761;118;708;814;579;179;610;582;340;231;304;960;360;645;618;511;371;765;728;234;710;970;730;613;459;211;808;813;205;474;177;73;236;300;709;671;902;74;75;741;287;113;77;688;297;572;153;890;4;792;724;869;753;713;416;907;569;672;192;182;60;910;886;410;509;457;777;988;428;274;852;173;294;818;430;376;657;119;723;72;612;335;614;32;603;680;514;156;689;574;599;462;750;526;978;343;762;853;269;225;201;423;557;445;467;324;937;34;592;320;50;120;111;452;141;65;41;568;685;754;625;414;469;418;181;449;89;68;543;249;556;453;203;2;835;314;283;497;608;523;169;702;451;104;366;966;936;593;851;298;876;464;528;629;854;712;692;806;327;987;719;718;326;490;996;261;135;24;235;664;328;798;991;924;844;258;260;349;140;638;43;138;841;193;507;918;513;554;386;23;417;233;658;600;788;265;650;10;194;639;264;512;198;40;45;547;498;545;425;784;552;900;339;979;197;421;905;44;149;347;878;565;760;206;868;361;563;56;175;503;904;322;627;180;636;338;378;706;783;768;308;139;626;801;210;481;601;517;441;583;789;871;791;775;647;794;883;738;892;319;63;681;733;609;668;947;866;400;419;84;318;221;834;847;415;867;790;821;815;202;940;355;570;226;646;479;899;805;473;948;502;142;273;331;374;751;115;864;348;659;372;663;185;683;914;747;935;826;96;87;92;839;254;990;550;163;975;536;559;701;769;549;112;440;595;492;539;411;596;31;305;802;262;102;133;19;920;925;442;146;402;489;605;344;216;945;168;431;475;872;903;105;99;227;764;364;333;655;369;782;894;358;439;288;209;207;875;64;837;35;995;879;279;590;148;33;164
